{"('full', 10) Top 1": 91.45362377166748}
{"('full', 10) Top 5": 99.07191395759583}
{"('full', 20) Top 1": 91.32835865020752}
{"('full', 20) Top 5": 99.44201111793518}
{"('full', 100) Top 1": 90.10419845581055}
{"('full', 100) Top 5": 99.84057545661926}
{"('full', 200) Top 1": 89.58606123924255}
{"('full', 200) Top 5": 99.86904263496399}
{"('full', 10) Top 1": 99.80072975158691}
{"('full', 10) Top 5": 100.0}
{"('full', 20) Top 1": 99.66977834701538}
{"('full', 20) Top 5": 100.0}
{"('full', 100) Top 1": 99.52744245529175}
{"('full', 100) Top 5": 100.0}
{"('full', 200) Top 1": 99.51605796813965}
{"('full', 200) Top 5": 100.0}
{"('full', 10) Top 1": 99.80071783065796}
{"('full', 10) Top 5": 100.0}
{"('full', 20) Top 1": 99.675452709198}
{"('full', 20) Top 5": 100.0}
{"('full', 100) Top 1": 99.52741265296936}
{"('full', 100) Top 5": 100.0}
{"('full', 200) Top 1": 99.51602816581726}
{"('full', 200) Top 5": 100.0}
